apaan,apa
gua,saya
ya,iya
bener,benar
gk,tidak
berbaiki,perbaiki
gen,generasi
gak,tidak
trus,terus
suport,mendukung
aja,saja
yg,yang
blm,belum
yg,yang
ga,tidak
apk,aplikasi
update,update
screenshoot,screenshot
ngasih,kasih
bgt,sekali
krn,karena
aj,aja
ndak,tidak
ribet,rumit
tgl,tanggal
skrg,sekarang
sebnarnya,sebenar
bereksprimen,bereskperimen
ngak,tidak
g,tidak
nii,ini
gweh,saya
jd,jadi
min,admin
loding,memuat
basi,bisa
gatau,tidak tau
nggak,tidak
sampek,sampai
feature,fitur
n,dan
tp,tapi
code,kode
pilihane,pilihan
kayak,seperti
aplikator,pengaplikasi
lainya,lain
gampang,mudah
opsi,pilihan
gasengaja,tidak sengaja
ulg,ulang
gabisa,tidak bisa
trs,terus
notif,pemberitahuan
klo,kalau
kee,ke
riskan,beresiko
komitment,komitmen
pake,pakai
benahiiiii,berbenah
cri,cari
medsos,media sosial
knp,kenapa
mmau,mau
slalu,selalu
melalu,melalui
mulu,terus
via,melalui
sy,saya
mw,mau
aksed,akses
lemot,lambat
tdk,tidak
pas,setelah
uda,sudah
klu,kalau
ngilangin,hilang
ngga,tidak
tak,tidak
ngawur,sembarangan
gak,tidak
knp,kenapa
gmn,bagaimana
d,di
dgn,dengan
adaaa,ada
lg,lagi
nggk,tidak
ss,screenshot
tfnyaa,transfer
lagii,lagi
it,itu
tsb,tersebut
knpa,kenapa
skrg,sekarang
sistrm,sistem
dlm,dalam
utk,untuk
keslaahan,kesalahan
stelah,setelah
scrensot,screenshot
ngisi,isi
sdh,sudah
pdhl,padahal
paan,apa
ga,tidak
jellek,jelek
bnget,sangat
rek,rekening
nyesel,menyesal
searching,mencari
dg,dengan
ngajukan,aju
lngsung,langsung
deg,dengan
skrg,sekarang
bs,bisa
yaa,iya
keluapaan,lupa
gangguang,gangguan
urgent,mendesak
bertivikasi,verifikasi
bertivikasi,verifikasi
sekrmg,sekarang
rb,ribu
bs,bisa
lg,lagi
bobrok,jelek
applikasi,aplikasi
g,tidak
stlh,setelah
mlh,malah
tlg,tolong
sblm,sebelum
makinnnn,makin
app,aplikasi
aktivitasi,aktivitas
ngisi,isi
balikin,balik
user,pengguna
mastiin,pasti
dannnn,dan
bsa,bisa
ad,ada
store,toko
skn,sekarang
bgtt,sekali
lemotnya,lambat
aktivtasi,aktivitas
masalh,masalah
maintenance,pemeliharaan
bsa,bisa
dlm,dalam
thn,tahun
kesian,kasihan
hapenya,handphone
full,penuh
mo,mau
dipake,pakai
brenti,berhenti
kluar,keluar
aktifasi,aktivasi 
dll,dan lain lain
updatan,update
update,update
buru,mendesak
n,dan
kepaksa,terpaksa
tak,tidak
hrsnya,harus
remindernya,pengingat
msh,masih
ss,screenshot
gimana,bagaimana
daptar,daftar
dkilik,klik
msuk,masuk
ni,ini
guna,berguna
trasfer,transfer
keluar,keluar keluar
ace,aceh
skn,sekarang
gk,tidak
pending,tertunda
sampe,sampai
masalh,masalah
seblumnya,sebelum
amat,sekali
capture,tangkapan
tiba,tiba tiba
mentok,buntu
leluar,keluar
alrm,alarm
hadus,harus
customer,pelanggan
call,panggilan
sekrang,sekarang
sllu,selalu
nontifikasi,pemberitahuan
notifikasi,pemberitahuan
notif,pemberitahuan
bangett,sekali
pokonya,pokok
mmbaik,membaik
gabisa,tidak bisa
pdhl,padahal
luamaaaa,lama
simple,simpel
udh,sudah
kagak,tidak
veryfikasi,verifikasi
tiba,tiba tiba
balik,pulang
ny,nya
ad,ada
lh,lah
pdhl,padahal
bgus,bagus
fersi,versi
vermuk,verifikasi wajah
pejabat,pejabat
kyak,seperti
kdg,kadang
kat,kata
ngk,tidak
org,orang
tllu,terlalu
mangkanya,maka
aliyas,alias
palagi,apalagi
sgl,segala
pening,pusing
nyesel,menyesal
tuk,untuk
system,sistem
dii,di
perlu,perlu
ndk,tidak
dwonload,unduh
download,unduh
jgak,juga
rokomended,rekomendasi
verivikasinya,verifikasi
relogvterus,relog
dtg,datang
wajahh,wajah
responsip,respon
jangn,jangan
updet,update
update,update
sekarng,sekarang
lgi,lagi
mbank,mobile bank
bru,baru
kmrin,kemarin
dftr,daftar
gbsa,tidak bisa
bun,pun
mulu,terus
iniiiiii,ini
dhp,handphone
burik,buruk
diperbaharui,update
srenchot,screenshot
kta,kita
pke,pakai
mginjinkan,izin
lemot,lambat
parahhhhhh,parah
utk,untuk
potoh,foto
tggu,tunggu
scrensot,screenshot
hpus,hapus
payahhhhhh,payah
star,bintang
org,orang
dll,dan lain lain
kwalitasnya,kualitas
kwalitas,kualitas
blagu,sombong
memeberikan,memberikan
vertifaksi,verifikasi
trakhir,terakhir
kpn,kapan
terabdet,update
bukak,buka
cb,coba
k,ke
ank,anak
inj,ini
gimana,bagaimana
padah,padahal
atam,atm
gajelas,tidak jelas
otomatatis,otomatis
kalu,kalau
melulu,terus
urgen,mendesak
urgent,mendesak
mintak,minta
krtik,ketik
stiap,setiap
agak,sedikit
dipke,pakai
bs,bisa
g,tidak
share,bagikan
detek,deteksi
mlah,malah
apliaksi,aplikasi
ny,nya
kyk,seperti
lbih,lebih
contakus,kontak
trim,terima kasih
pakek,pakai
ktanya,kata
slalu,selalu
sndiri,sendiri
brulang,berulang
pdahal,padahal
bruk,buruk
rubet,rumit
pkonya,pokok
tahu,tau
mosok,masa
makasii,terima kasih
sm,sama
bangeett,sekali
skrg,sekarang
muluuuu,terus
mulu,terus
ku,aku
aj,aja
kl,kalau
updateeee,update
slalu,selalu
utk,untuk
dwnload,unduh
tak,tidak
tranfer,transfer
tf,transfer
tfnya,transfer
tfny,transfer
bgni,begini
kenapaa,kenapa
sm,sama
bgtttttt,sekali
bgtttt,sekali
skrg,sekarang
suru,suruh
gaada,tidak ada
custamer,pelanggan
customer,pelanggan
bsa,bisa
kta,kata
hrs,harus
lbh,lebih
verivikasi,verifikasi
pd,pada
n,dan
sekrg,sekarang
mulu,selalu
pdhal,padahal
smpe,sampai
ak,aku
sampe,sampai
ngga,tidak
ad,ada
udaa,sudah
bgmn,bagaimana
hape,handphone
tak,tidak
dlu,dulu
tuk,untuk
gada,tidak ada
ngarep,harap
ga,tidak
terusss,terus
mmpermudah,mempermudah
mintak,minta
cobak,coba
utk,untuk
stiap,setiap
g,tidak
pa,apa
dlm,dalam
tq,terima kasih
pdhl,padahal
jdwal,jadwal
pdahal,padahal
notiv,pemberitahuan
mssuk,masuk
ngaman,nyaman
agak,sedikit
mmng,memang
gmna,bagaimana
bln,bulan
jk,jika
dihp,handphone
mk,maka
kseringan,keseringan
ksian,kasihan
hp,handphone
gak,tidak
bukanya,bukan
gimanaaaa,bagaimana
sampe,sampai
kenpa,kenapa
maslah,masalah
do,di
jntuk,untuk
moto,foto
golong,tolong
support,mendukung
trlalu,terlalu
mw,mau
ad,ada
dhpus,hapus
lgi,lagi
suru,suruh
ni,ini
ky,seperti
gni,begini
apl,aplikasi
utk,untuk
nyampe,sampai
retting,rating
trkirim,terkirim
pulak,pula
knapa,kenapa
urgen,mendesak
kalo,kalau
gimanaa,bagaimana
bgini,begini
screnshot,screenshot
or,atau
dsuruh,suruh
luama,lama
lebi,lebih
trus,terus
ud,sudah
bs,bisa
ato,atau
mksdnya,maksud
mw,mau
dab,dan
mohom,mohon
awalbmalah,awal malah
kehuruf,ke huruf
apps,aplikasi
mnghapus,hapus
bbrpa,beberapa
sj,saja
skrinshotnya,screenshot
masak,masa
jdinya,jadi
diaurih,suruh
ga,tidak
fine,baik
serig,sering
mlulu,melulu
sekrang,sekarang
pw,kata sandi
password,kata sandi
aplgi,apa lagi
engak,tidak
lbh,lebih
bs,bisa
kl,kalau
bukanny,bukan
ferivikasi,verifikasi
brp,berapa
loding,memuat terima
kadih,kasih
mo,mau
kdng,kadang
solusiny,solusi
masukdi,masuk di
klau,kalau
lemot,lambat
trlebih,terlebih
brulang,berulang
tlg,tolong
dak,tidak
trims,terima kasih
apus,hapus
dobell,double
user,pengguna
fee,pajak
kasihn,kasihan
wjaahnya,wajah
krna,karena
aaya,saya
egk,tidak
dolwod,unduh
pervikasi,verifikasi
meterjemahkan,menterjemahkan
ttp,tetap
ajh,saja
gx,tidak
mw,mau
lainbiar,lain biar
sangan,sangat
ribe,rumit
bngt,sekali
muncu,muncul
kodel,kode
msih,masih
dah,sudah
kunciii,kunci
nyusahinnnnnnnnnnnnnn,menyusahkan
buggak,bug tidak
ajanol,aja nol
ferivikasi,verifikasi
slalu,selalu
knapa,kenapa
kmrin,kemarin
mao,mau
updatet,update
suda,sudah
klau,kalau
inging,ingin
aplikaksi,aplikasi
enggak,tidak
kg,tidak
capet,lelah
engrinya,takut
no,nomor
rek,rekening
norek,nomor rekening
apdet,update
samoe,sampai
nyoba,coba
sdgkan,sedangkan
blur,buram
tlg,tolong
ksh,kasih
selvi,foto
nganan,kanan
ngiri,kiri
smpai,sampai
ngk,tidak
slalu,selalu
makek,pakai
bner,benar
penguna,pengguna
mereng,miring
rubah,ubah
gak,tidak
dipke,pakai
maenin,permainkan
applikasi,aplikasi
mw,mau
kudu,harus
dauh,jauh
gue,saya
trus,terus
ttg,tentang
sekrg,sekarang
cepet,cepat
dri,dari
utk,untuk
lagii,lagi
kurleb,kurang lebih
kedektsi,kedeteksi
drngan,dengan
pke,pakai
gx,tidak
kompirmasi,konfirmasi
dtungguin,tunggu
lelet,lambat
klw,kalau
gw,saya
stag,sekarang
bs,bisa
dgunakan,guna
dperbaiki,perbaiki
knyak,seperti
kjadiannya,kejadian
kalilah,sekali 
sdikit,sedikit
jngan,jangan
untk,untuk
percayakn,percayakan
pabu,bapak ibu
ditetima,terima
yaudah,udah
hp,handphone
tetep,tetap
dah,sudah
jgak,juga
sekarng,sekarang
gini,begini
melerang,melarang
gakok,tidak
aktifasi,aktivasi 
skrng,sekarang
lg,lagi
baharui,update
nyusahin,menyusahkan
bukapa,buka apa
nyesel,menyesal
trsimpan,tersimpan
awalbmalah,awal malah
cb,coba
kelar,selesai
kali,sekali
bs,bisa
sj,saja
pingin,pengen
utk,untuk
gabisa,tidak bisa
urang,saya
ditect,terdeteksi
unk,untuk
pigi,pergi
capek,lelah
kali,sekali
teruuusss,terus
system,sistem
systemnya,sistem
delete,hapus
bbrp,beberapa
tsb,tersebut
tranfer,transfer
denga,dengan
jwban,jawaban
ybpasti,yang pasti
gx,tidak
kmbli,kembali
aseli,asli
both,bot
centre,center
terosss,terus
g,tidak
sekrang,sekarang
ny,nya
doang,aja
fersi,versi
tibatiba,tiba tiba
dibiat,buat
tks,terima kasih
permuk,verifikasi wajah
msk,masuk
mnding,mending
pd,pada
berkalikali,berkali kali
tba,tiba
sruh,suruh
tggu,tunggu
lnjutan,lanjutan
smpai,sampai
sgt,sangat
dak,tidak
benerin,benar
merer,merek
tlong,tolong
msalah,masalah
g,tidak
buke,buka
smga,semoga
gbs,tidak bisa
kalo,kalau
lu,anda
ttap,tetap
ja,aja
bnerin,benerin
dtang,datang
kntor,kantor
wktu,waktu
mf,maaf
ksih,kasih
mmbuka,membuka
lwt,lewat
responnx,respon
unt,untuk
yg,yang
costomernya,pelanggan
ngadat,lambat
msh,masih
bs,bisa
banget,sekali
gituh,begitu
hurusan,urusan
aplikasinyaa,aplikasi
n,dan
gak,tidak
hurusan,urusan
ga,tidak
bsa,bisa
dsentuh,sentuh
gkbsa,tidak bisa
ga,tidak
skrang,sekarang
ga,tidak
sampe,sampai
mobil,mobile
mmbantu,membantu
fikturnya,fitur
makin,semakin
knapa,kenapa
gak,tidak
uangeell,susah
bangett,sekali
bangettt,sekali
dpersyuliddbr,persulit
moderen,modern 
dg,dengan
yg,yang
k,ke
gak,tidak
yg,yang
dr,dari
yg,yang
gercep,bergerak cepat
dikit,sedikit
dateng,datang
k,ke
bangat,sekali
gak,tidak
bangt,sekali
gak,tidak
bntr,bentar
mendingn,mendingan
gak,tidak
udah,sudah
yg,yang
habis,setelah
tf,transfer
ga,tidak
bisabisa,bisa bisa
habis,setelah
gak,tidak
sgera,segera
kesel,kesal
skrg,sekarang
gak,tidak
emel,email
gak,tidak
wong,orang
kesel,kesal
kesel,kesal
trus,terus
on,hidupkan
yg,yang
yg,yang
rat,rating
deh,aja
kirain,kira
doang,aja
pas,waktu
haru,harus
vc,video call
ngga,tidak
haru,harus
bet,sekali
udah,sudah
vidio,video
payah,susah
liat,lihat
super,sangat
cs,customer service
gabisa,tidak bisa
dr,dari
bener,benar
ga,tidak
sampe,sampai
kenceng,kencang
gak,tidak
gak,tidak
pke,pakai
tpi,tapi
yg,yang
pke,pakai
kanpa,kenapa
lalma,lama
aat,saat
disuruh,suruh
biar,agar
mesti,harus
trus,terus
kepakai,terpakai
kacau,hancur
melulu,selalu
lemot,lambat
dll,dan lain lain
utk,untuk
memdapat,mendapat
mending,lebih baik
mentok,berhenti
tetep,tetap
gak,tidak
gabisa,tidak bisa
cobak,coba
amatiran,amatir
pki,pakai
tw,tau
nmr,nomor
pemiik,pemilik
sbentar,sebentar
jg,juga
jengkel,kesal
tetep,tetap
bwat,buat
kalo,kalau
gausah,tidak usah
gak,tidak
buruk,jelek
bwt,buat
pdhl,padahal
cab,cabang
trimkasih,terima kasih
beluam,belum
nyimpen,menyimpan
skali,sekali
mulu,terus
jngn,jangan
lg,lagi
tgl,tanggal
afk,keluar
kesetiap,ke setiap
ad,ada
bka,buka
kl,kalau
dipublish,publikasi
bgtu,begitu
gada,tidak ada
gua,saya
makin,semakin
terap,tetap
yg,yang
y,ya
gak,tidak
nyesel,menyesal
memlu,selalu
gak,tidak
gimana,bagaimana
liat,lihat
ja,aja
tak,tidak
gegara,karena
beberpa,beberapa
terap,tetap
kl,kalau
dlu,dulu
bka,buka 
sprti,seperti
skali,sekali
apkny,aplikasi
sdah,sudah
jngn,jangan
terusss,terus
bwt,buat
hrus,harus
trimakasih,terima kasih
terimakasih,terima kasih
anehhhh,aneh
anehhh,aneh
bwat,buat
sbentar,sebentar
slesai,selesai
nyangka,menyangka
pki,pakai
tw,tau
nmr,nomor
derastis,drastis
cobak,coba
memdapat,mendapat
ama,sama
skarang,sekarang
kecewaaaaaaaaaa,kecewa
nyaa,nya
akivasinya,aktivasi
niihhh,nih
kanpa,kenapa
lalma,lama
aat,saat
pke,pakai
bet,sekali
haru,harus
samaaaa,sama
mental,kembali
urgent,mendesak
aktivadi,aktivasi
haris,harus
responenya,respon
bangat,sekali
ama,sama
kebuka,buka
nohp,nomor handphone
kelar,selesai
pinjol,pinjaman online
goodby,good bye
memuskan,memuaskan
kau,kamu
gua,saya
tahu,tau
belom,belum
nii,ini
transakai,transaksi
anehh,aneh
teribet,terumit
mksh,terima kasih
gampangan,mudah
gal,tidak
bang,bank
appnya,aplikasi
ama,sama
kaga,tidak
ampe,sampai
kaga,tidak
apah,apa
kwalitas,kualitas
karna,karena
bsm,bsi
ko,kok
dll,dan lain lain
payah,susah
nyalain,menyalakan
ttep,tetap
jga,juga
duit,uang
kbaca,kebaca
kn,kan
bahkam,bahkan
kek,seperti
nyusahin,menyusahkan
dapet,dapat
bida,bisa
mengebai,mengenai
blom,belum
ttep,tetap
yng,yang
urgen,mendesak
la,lah
kesel,kesal
mulu,terus
utk,untuk
cobaa,coba
stiap,setiap
bisaa,bisa
nyaa,nya
lagii,lagi
memapaki,memakai
bangking,bank
pke,pakai
mikirrr,mikir
oromatis,otomatis
gimana,bagaimana
gabisaa,tidak bisa
pembeharuan,update
klafirikasi,klarifikasi
kalao,kalau
yutube,youtube
hbis,habis
nasaba,nasabah
sinyap,sinyal
nanganinya,menangani
gaguna,tidak berguna
apaaan,apaan
gaguna,tidak berguna
sperti,seperti
trus,terus
masukkk,masuk
ja,saja
apknya,aplikasi
sakuak,jelek
bangeeettt,sekali
bobrok,jelek
kesni,kesini
dr,dari
tgl,tanggal
sd,sampai dengan
blum,belum
accunt,account
efficient,efisien
transferi,transfer
aplikasinha,aplikasi
bangettt,sekali
semogaa,semoga
bgtt,sekali
next,selanjut
hinggan,hingga
isamai,islami
bagis,bagus
tak,tidak
inii,ini
cepet,cepat
peting,penting
lgsg,langsung
trlalu,terlalu
trlebih,terlebih
penggun,pengguna
selin,selain
spy,supaya
dowload,unduh
download,unduh
lengkao,lengkap
bls,balas
didalamx,dalam
masjit,masjid
thanks,terima kasih
engga,tidak
ditinkatkan,tingkatkan
dtg,datang
bnyk,banyak
spt,seperti
sblumnya,sebelum
td,tidak
sprt,seperti
pakbu,bapak ibu
rekomended,rekomendasi
recommended,rekomendasi
rekomen,rekomendasi
recommend,rekomendasi
uangcek,uang cek
dll,dan lain lain
kapanpum,kapanpun
password,kata sandi
sejuah,sejauh
sidah,sudah
miss,terlewat
kadnag,kadang
sebagaian,sebagian
simpel,sederhana
ktmu,ketemu
smga,semoga
support,mendukung
double,ganda
custom,kostum
thema,tema
gesture,gestur
next,selanjut
lemot,lambat
bangetttt,sekali
qt,kita
karna,karena
cont,contoh
sekalii,sekali
lagii,lagi
kereeennnnnn,hebat
keren,hebat
apliksi,aplikasi
drpd,daripada
aplikadinya,aplikasi
tidk,tidak
diucapka,ucapkan
pakeknya,pakai
dengab,dengan
syaria,syariah
gakalan,tidak kalah
gampng,gampang
sajatop,saja top
smpe,sampai
mudan,mudah
byk,banyak
dsb,dan sebagai
lemot,lambat
bad,buruk
thank,terima kasih
ngecewainn,kecewa
betullll,betul
aplikasii,aplikasi
tepatt,tepat
penyimpenan,penyimpanan
penyimpennya,penyimpanan
kereennn,hebat
keren,hebat
mencek,cek
disecure,aman
seneng,senang
muantappooolll,mantap
gag,tidak
mantaps,mantap
kilbat,kiblat
mantab,mantap
sd,sampai dengan
sangatt,sangat
baguss,bagus
mntap,mantap
verif,verifikasi
verifikasinya,verifikasi
nga,tidak
toleh,noleh
verfekasi,verifikasi
proper,layak
diakse,akses
cumn,cuma
gajihan,gajian
aj,aja
ap,apa
maky,maka
maslahy,masalah
dimna,dimana
lemott,lambat 
pantesan,pantasan
kntr,kantor
angk,tidak
lht,lihat
jgmhn,juga mohon
ssh,susah
playsore,playstore
shoppie,shopee
gemes,gemas
ngbuk,bug
maslah,masalah
org,orang
msh,masih
denga,dengan
tulisa,tulisan
cuman,cuma
bis,bisa
merk,merek
maintenen,pemeliharaan
ksh,kasih
gtu,begitu
tak,tidak
aktive,aktif
ngg,tidak
cbg,cabang
nnti,nanti
drmh,rumah
kaya,seperti
sj,saja
kntr,kantor
minnnn,admin
tengon,lihat
tengok,lihat
ribeett,rumit
trm,terima
ksh,kasih
tanggapnnya,tanggapan
kmdian,kemudian
lemotttttt,lambat
terusss,terus
gagall,gagal
padahall,padahal
benerr,benar
sebelahhh,sebelah
mudahhh,mudah
ampe,sampai
lemottt,lambat
gr,gara
apktiba,aplikasi tiba
mobil,mobile
menhapus,hapus
dtangapi,tanggapi
tks,terima kasih
serelah,setelah
slmt,selamat
mlm,malam
bapakibu,bapak ibu
ngadu,mengadu
langsumg,langsung
sblmnya,sebelum
cobaa,coba
ttap,tetap
bnyak,banyak
sdikt,sedikit
blockir,blokir
mo,mau
make,pakai
bgd,sekali
nye,nya
ajh,aja
sruh,suruh
prbaiki,perbaiki
byr,bayar
mksh,terima kasih
menegcewakan,kecewa
poto,foto
abdet,update
jarakx,jarak
aq,aku
mao,mau
smpai,sampai
tak,tidak
adasar,dasar
complain,komplain
sekalii,sekali
lyar,layar
egk,tidak
msuk,masuk
bnyak,banyak
mala,malah
perbaikkanny,perbaiki
dibls,balas
kenapaaaa,kenapa
teruusss,terus
dr,dari
kmrn,kemarin
smpe,sampai
brsn,baru saja
kyk,seperti
lwt,lewat
kga,tidak
trjelek,terjelek
slama,selama
hptpi,handphone tapi
lyar,layar
bangett,sekali
samaa,sama
bs,bisa
ktika,ketika
bbrpa,beberapa
pas,ketika
n,dan
gtulo,itu
amplikasi,aplikasi
stat,stay
jawap,jawab
gakada,tidak ada
nyaudah,sudah
lbh,lebih
bukaa,buka
suda,sudah
iniii,ini
susaahhh,susah
matiidupin,mati hidupkan
ora,tidak
yg,yang
jlemet,lemah
aplikasix,aplikasi
mlh,malah
ngk,tidak
tlng,tolong
maslahnya,masalah
sd,sampai dengan
cngebleng,blank
padhl,padahal
udah,sudah
kpn,kapan
bgtu,begitu
bnyk,banyak
trbaru,terbaru
ngga,tidak
bs,bisa
trbantu,terbantu
bnyak,banyak
skr,sekarang
khan,kan
oerbaiki,perbaiki
sndiri,sendiri
pringatan,peringatan
tedapat,terdapat
apka,aplikasi
upgredean,upgrade
nnya,bertanya
sblum,sebelum
lngsung,langsung
pke,pakai
viturnya,fitur
aflikasi,aplikasi
ngikuntin,mengikuti
utk,untuk
syaray,syarat
dpn,depan
acm,cuma
nyoba,mencoba
lbh,lebih
bethasil,sekali hasil
hnya,hanya
nolll,nol
appnya,aplikasi
perbaikia,perbaikan
cape,lelah
untik,untuk
gilaaa,gila
kga,tidak
vace,video call
susaaah,susah
menitt,menit
terll,terlalu
kl,kalau
alah,malah
msh,masih
infut,input
tin,in
gtu,begitu
tlp,telepon
terlalau,terlalu
mna,mana
bangettt,sekali
gbsa,tidak bisa
sblmnya,sebelum
pemasukan,masukan
cape,lelah
udaj,sudah
amanaman,aman
gimanaa,bagaimana
lbh,lebih
cpet,cepat
dlm,dalam
smg,semoga
ad,ada
trx,terus
use,user
vitur,fitur
oengembang,pengembang
jwban,jawaban
msuk,masuk
perbaulikan,perbaikan
utk,untuk
veripikasi,verifikasi
pace,wajah
rat,rating
mandaptar,mendaftar
percumah,percuma
fac,face
kya,seperti
kasoh,kasih
abgret,update
tarek,tarik
dowload,unduh
tah,entah
biyaya,biaya
ku,aku
sajaa,saja
padhal,padahal
mengecewakannn,kecewa
tnp,tanpa
gw,saya
sitem,sistem
klok,kalau
tpi,tapi
trik,tarik
sebelm,sebelum
kasian,kasihan
kertu,kartu
menyusahkaaannnm,menyusahkan
mengecwakan,kecewa
pertma,pertama
mnutup,menutup
mnit,menit
didlam,dalam
aplksi,aplikasi
loding,loading
bkrjsama,bekerjasama
dn,dan
prbnyak,perbanyak
ajaa,aja
kouta,kuota
nyari,mencari
bego,bodoh
ajah,aja
hpny,handphone
trnfer,transfer
kasik,kasih
ngka,tidak
sebereapa,seberapa
btuhnya,butuh
trbru,terbaru
mbile,mobile
hpus,hapus
jga,juga
smpah,sampah
bnking,bank
masak,masa
mengatasnaman,mengatasnamakan
upgratenya,upgrade
pdahal,padahal
pingin,ingin
spt,seperti
tsb,tersebut
sdgkan,sedangkan
ingi,ingin
slsei,selesai
bagaiamana,bagaimana
luwemott,lambat
wjah,wajah
trz,terus
lemoott,lambat
trisi,terisi
ajaa,saja
verication,pemeriksaan
seblum,sebelum
seprti,seperti
virifikasi,pemeriksaan
rek,rekening
ttapi,tetapi
ttap,tetap
da,ada
ja,saja
inteuksi,instruksi
tu,itu
mempersululit,mempersulit
mimin,admin
prngembalianya,pengembalian
jdi,jadi
ampunnn,ampun
terua,terus
sampe,sampai
telp,telepon
sekaramg,sekarang
verif,verifikasi
mon,mohon
kudu,harus
nanggepin,menanggapi
korupt,korupsi
ksh,kasih
jjr,jujur
fan,an
aktiv,aktif
cacanya,cache
knpya,kenapa
kecilll,kecil
kn,kan
tulisany,tulisan
jlekbetnjir,jelek
mntak,minta
aflikasi,aplikasi
veripikasi,verifikasi
sma,sama
perna,pernah
sempet,sempat
aseli,asli
tereak,teriak
mgkn,mungkin
qu,saya
sajalaah,sajalah
bejibuuun,bejibun
pulak,pula
susahh,susah
apalgi,apalagi
langsng,langsung
dl,dulu
pokoke,pokok
laam,lama
lemooott,lambat
gt,gitu
bbrp,beberapa
gbisa,tidak bisa
sampe,sampai
cdgn,cadangan
palah,malah
nitif,notif
kehabisa,kehabisan
sudsh,sudah
admint,admin
minggi,minggu
apikasi,aplikasi
sngt,sangat
bngt,sekali
terimah,terima
usa,usah
kalu,kalau
aplikasihnya,aplikasi
blum,belum
aplikasih,aplikasi
ytb,youtube
muluuu,terus
ketulungan,tertolong
tlg,tolong
trutama,terutama
sjak,sejak
sya,saya
stiap,setiap
lahh,lah
loginn,login
tdnya,tadi
slalu,selalu
kehabisa,kehabisan
ssbelumnya,sebelum
ummat,umat
eror,error 
dlu,dulu
benernya,benar
mnta,minta
thxs,terima kasih
egk,tidak
rec,rekening
jgn,jangan
mcm,macam
dpt,dapat
nebeng,numpang
bsa,bisa
sistemu,sistem
kasi,kasih
kemananaha,keamanan
serig,sering
diperbaikii,perbaiki
bget,sekali
kmaren,kemarin
gimna,bagaimana
cumaa,cuma
apaan ,apa
usaahakan,usahakan
perumitkan,merumitkan
ilang,hilang
kli,kali
diauruh,suruh
mmg,memang
inikn,ini kan
kmi,kami
cma,cuma
ksi,kasih
pass,pas
pepet,mendesak
ribethhhh,rumit
keterangannua,keterangan
vermuknya,verifikasi wajah
wajahhh,wajah
customerny,pelanggan
ngilang,hilang
kedpn,kedepan
ruet,rumit
type,tipe
install,instal
ngerti,mengerti
jga,juga
jagi,jadi
permintaanwaktuhabis,permintaan waktu habis
ribetnya,rumit
trdapat,terdapat
scren,screen
kcwa,kecewa
ninggalin,meninggalkan
moga,semoga
alhamdulilah,alhamdulillah
tabungam,tabungan
dalamx,dalam
repot,sulit
fiturperbankan,fitur bank
fiturnya,fitur
wifinya,wifi
aktivasinya,aktivasi
loadingnya,loading
gunain,guna
bn,bni
kompetebel,kompatibel
alloh,allah
bangking,bank
mbangking,bank
sceenshoot,screenshot
accounta,account
divice,device
mhn,mohon
cpt,cepat
bsinya,bsi
luarbiasa,luar biasa
bartransaksi,bertransaksi
ngajuin,mengajukan
lanjur,terlanjur
notive,pemberitahuan
ngambil,ambil
baget,sekali
diinstal,instal
dpersyulid,persulit
please,tolong

manu,menu
ngegame,game
updte,update
pantes,pantas
dsini,sini
banar,benar
prasaan,perasaan
adakan,ada
adain,ada
akn,akan
aktifasinya,aktivasi
aktifin,aktif
aktifinnya,aktif
aktivasinya,aktivasi
alhasil,hasil
aplikasiii,aplikasi
aplikasnya,aplikasi
aps,aplikasi
baget,sekali
bahwasannya,bahwa
aktifin,aktif
aktifinnya,aktif
aktivasinya,aktivasi
alhasil,hasil
aplikasiii,aplikasi
aplikasnya,aplikasi
aps,aplikasi
baget,sekali
bangeet,sekali
banggan,bangga
bankbsi,bank bsi
bengking,bank
betulllll,betul
bgi,bagi
bhs,bahasa
br,baru
brisyariah,bri syariah
cepett,cepat
bahwasannya,bahwa
belu,belum
penarikan,tarik
makasiii,terima kasih
ketikan,ketik
youtubenya,youtube
wort,worth
wassalamu,wassalam
waswas,was was
walletnya,wallet
wajanya,wajah
wabarakaatuh,wabarakatuh
wa,whatsapp
verification,verifikasi
verikasi,verifikasi
vertivikasi,verifikasi
verikasi,verifikasi
videocall, video call
vc,video call
vcall,video call
va,virtual account
uverlapping,overlapping
usernya,user
urusin,urus
urgent,mendesak
updte,update
updatenya,update
updated,update
updatean,update
uninstal,uninstal
unistal,uninstal
unistall,uninstal
ui,user interface
ux,user experience
uangelll,susah
tulisanya,tulis
truss,terus
trouble,masalah
trnyata,ternyata
travelling,travel
traveling,travel
trf,transfer
transkasi,transaksi
transaction,transaksi
tran,transaksi
topup,top up
tombolnyaa,tombol
tingkatin,tingkat
tindaklanjuti,tindak lanjut
timeout,time out
tida,tidak
terupdate,update
terinstal,instal
terimaksih,terima kasih
teraktifasi,aktivasi
tellernya,teller
teler,teller
telephone,telepon
tehambat,terhambat
tari,tarik
tapu,tapi
tansfer,transfer
tanggapin,tanggap
tanggapanya,tanggap
tampilanya,tampil
tambahin,tambah
syar,syariah
sudh,sudah
suarany,suara
steleh,setelah
sreenshoot,screenshot
sndri,sendiri
smua,semua
smsnya,sms
smp,sampai
smkin,semakin
sholat,salat
shalat,salat
settingan,setting
servicenya,service
seringkali,sering kali
seribet,rumit
sept,september
seperri,seperti
sepenuh,penuh
semiga,semoga

sehinga,sehingga
sebal,kesal
sebelumya,sebelum
sdg,sedang
screnshoot,screenshot
screen,screenshot
scr,secara
screanshot,screenshot
sceenshoot,screenshot
sbg,sebagai
sangsung,langsung
sali,salin
rusa,rusak
rubah,ubah
rootan,root
rooted,root
rooter,root
rooting,root
roate,rotate
restars,restart
responsibilitasnya,respon
responsif,respon
respons,respon
responnya,respon
repotin,repot
brenti,berhenti
relog,relogin
rekeningn,rekening
rekeing,rekening
ratingnya,rating
rate,rating
qrisnya,qris
qr,qris
puny,punya
publish,publikasi
progres,progress
prasaan,perasaan
prangkat,perangkat
potonganya,potong
pkoknya,pokok
pinyuh,penuh
pindahin,pindah
persimple,simpel
perijinan,izin
pering,sering
perbaruin,perbaruan
perbangingan,perbandingan
perbaikin,perbaiki
pengahapusan,hapus
penginstalan,instal
pemerikasaan,pemeriksaan
pelayananya,pelayanan
pasuk,masuk
passwordnya,kata sandi
pakak,pakai
padahl,padahal
overlapsing,overlapping
overlapsing,overlapping
overlopping,overlapping
overpapping,overlapping
overlaping,overlapping
overlapp,overlapping
ovellapping,overlapping
orng,orang
optimalisasi,optimal
opperlaving,overlapping
operating,operasional
onlinenya,online
nyebelin,kesal
nyediain,sedia
nyerah,menyerah
nyesal,sesal
nyetel,menyetel
nyimpan,simpan
nyuruh,suruh
nyambung,sambung
nyangkut,menyangkut
nunggunya,tunggu
nunjukin,menunjukkan
nsomware,ransomware
nulisa,tulis
notifnya,notifikasi
notive,notifikasi
notif,notifikasi
notifications,notifikasi
nonaktifin,non aktif
nontunai,non tunai
nomernya,nomor
nomer,nomor
ngabisin,habis
ngajuin,mengajukan
ngakalinya,akali
ngalamin,alami
ngambil,ambil
ngapa,kenapa
ngapain,kenapa
ngblang,blank
apas,apa
ngebantu,bantu
ngeblank,blank
ngebleng,blank
ngeblok,blok
ngebug,bug
ngecek,cek
ngecewain,kecewa
ngecrash,crash
ngegame,game
ngehubungi,hubungi
ngelag,lag
ngeliatnya,liat
ngelola,kelola
ngeluh,mengeluh
ngepasin,pas
ngerasa,rasa
ngerepotin,repot
ngeri,takut
ngescan,scan
ngeselin,kesal
ngetik,ketik
nghank,lag
ngikutin,ikut
ngirim,kirim
ngitung,hitung
ngrespon,respon
ngulang,ulang
ngurus,urus
ngurusnya,urus
nentuin,menentukan
negri,negeri
narik,tarik
napa,kenapa
nampaknya,nampak
nanganinnya,menangani 
nabungnya,nabung
muter,mutar
muhamadiyah,muhammadiyah
motong,memotong
moga,semoga
mobilenya,mobile
mobike,mobile
mksud,maksud
mitraguna,mitra guna
mkin,makin
minim,minimal
mestika,mesti
mhn,mohon
mhon,mohon
mgijinkan,izin
merespon,respon
menuhin,penuh
mentokkin,mentok
mentokkin,mentok
mendaptar,daftar
menggangu,ganggu
menghububgi,hubung
mengijinkan,izin
menginstall,instal
mengunakan,guna
mengupdate,update
meninggakan,tinggal
memaintenance,maintenance
memory,memori
meintenance,maintenance
melakulkan,melakukan
mb,bank
mba,bank
mbakingnya,mobile bank
mbangking,mobile bank
mbanking,mobile bank
mbankingnya,mobile bank
maximal,maksimal
matiin,mati
masyaaallh,masya allah
masyaallah,masya allah
masukin,masuk
marakk,marak
mantapbsi,mantap bsi
mantep,mantap
males,malas
malem,malam
malahjadi,malah jadi
makasih,terima kasih
maintanance,maintenance
maintanence,maintenance
maintenece,maintenance
mainin,main
magrhib,magrib
macem,macam
lumyan,lumayan
luarbiasa,luar biasa
logout,log out
lngsng,langsung
language,bahasa
langgan,berlangganan
lakuin,lakukan
lagsung,langsung
koprasi,koperasi
konfirm,konfirmasi
konek,koneksi
kompetebel,kompatibel
komenan,komentar
komen,komentar
kmren,kemarin
kliatannya,kelihatan
kini,sekarang
keti,ketik
kerjasamanya,kerjasama
kerepot,rumit
kemeren,kemarin
kemanananha,keamanan
kelau,kalau
kece,keren
keamananya,keamanan
keapliksi,aplikasi
kdang,kadang
kayak,seperti
kaya,seperti
kanapa,kenapa
jl,jalan
jawabnnya,jawab
islamai,islami
intruksi,instruksi
interuppted,interrupted
internetnya,internet
interfacenya,interface
intal,instal
instalasi,instal
ininitu,ini itu
inget,ingat
informasiny,informasi
infaq,infak
inet,internet
ikutin,ikut
ijo,hijau
ig,instagram
identifiikasi,indentifikasi
hurus,huruf
hub,hubung
hri,hari
hr,hari
hpnya,handphone
hpku,handphone
hpberulang,handphone berulang
hilangin,hilang
haya,saya
handphonenya,handphone
greget,geram
goodjob,good job
gmana,gimana
gitu,begitu
gimanahuhu,gimana
gegayaan,gaya
gede,besar
gaperlu,tidak perlu
gamp,gampang
gamau,tidak mau
gakalah,tidak kalah
gajadi,tidak jadi
gabsa,tidak bisa
gabikin,tidak bikin
forma,format
forced,force
flownya,flow
fiturnya,fitur
favorite,favorit
fikirkan,fikir
ewalletnya,ewallet
erorr,error
eror,error
emg,emang
edited,edit
duakali,dua kali
dsini,sini
dpersyulid,persulit
dongak,mendongak
divice,device
digunain,guna
dihandphone,handphone
dihilangin,hilang
diijinkan,izin
diinput,input
diinstal,instal
dikembangin,kembang
dikirimin,kirim
dimasukin,masuk
dimatiin,mati
dipakek,pakai
diraguin,ragu
direinstal,instal
direspon,respon
aplikasiii,aplikasi
diroot,root
aplikasnya,aplikasi
discreenshoot,screenshot
discreenshot,screenshot
disembunyikannlagi,sembunyikan lagi
apasih,apa
disulitin,sulit
ditindaklanjuti,tindak lanjut
ditranfer,transfer
ditungguin,tunggu
diuninstal,uninstal
diupdate,update
diupgrade,upgrade
diatasin,atas
dibalesnya,balas
dibalikin,balik
dibarengin,bersamaan
dibenerin,bener
dibukak,buka
dibutuhin,butuh
dichat,chat
diclear,clear
diaktivasi,aktivasi
deviced,device
dev,developer
detected,deteksi
detective,deteksi
detactide,deteksi
degan,dengan
debitur,debit
debet,debit
datengin,datang
dapetin,dapat
csnya,customer service
cpt,cepat
costumer,customer
copas,copy paste
coment,komentar
cobain,coba
cm,cuma
closed,close
cleat,clear
chipnya,chip
chache,cache
chache,cache
cepett,cepat
centernya,center
ceh,cek
capek,lelah
chache,cache
cachenya,cache
butuhkn,butuh
bula,buka
bugs,bug
bugnya,bug
bsinya,bsi
brisyariah,bri syariah
bris,bri syariah
br,baru
bosen,bosan
bnis,bni
block,blokir
bking,bank
bhs,bahasa
bgi,bagi
betulllll,betul
bess,best
bertanggungjawab,bertanggung jawab
berulangkali,berulang kali
bersihin,bersih
berselfie,selfi
beriyahukan,beritahu
berinfaq,infak
bereskperimen,eksperimen
beres,selesai
beranta,beranda
bengking,bank
benerin,benar
benarin,benar
benahin,benah
belu,belum
bayangin,bayangkan
bartransaksi,bertransaksi
bapuk, jelek
bantuanya,bantu
bangkingnya,bank
bangking,bank
bankbsi,bank bsi
bangking,bank
banggan,bangga
bangeet,sekali
banar,benar
bahwasannya,bahwa
bahsa,bahasa
baget,sekali
atmnya,atm
assalaamu,assalamualaikum
assalammualaikum,assalamualaikum
assalamu,assalamualaikum
aps,aplikasi
asslmualaikum,assalamualaikum
ane,saya
androidnya,android
ammnya,amma
ammnya,amma
alue,alur
alloh,allah
allhamdulillah,alhamdulillah
amin,aamiin
vervikasi,verifikasi
mobileku,mobile
lebihin,lebih
langkat,langkah
updatenya,update
bankingnya,bank
syari,syariah
syar,syariah
haiii,halo
abis,habis
ad,ada
adlh,adalah
afaik,as far as i know
ahaha,haha
aj,saja
ajep-ajep,dunia gemerlap
ak,saya
akika,aku
akkoh,aku
akuwh,aku
alay,norak
alow,halo
ambilin,ambilkan
ancur,hancur
anjrit,anjing
anter,antar
ap2,apa-apa
apasih,apa sih
apes,sial
aps,apa
aq,saya
aquwh,aku
asbun,asal bunyi
aseekk,asyik
asekk,asyik
asem,asam
aspal,asli tetapi palsu
astul,asal tulis
ato,atau
au ah,tidak mau tahu
awak,saya
ay,sayang
ayank,sayang
b4,sebelum
bakalan,akan
bandes,bantuan desa
bangedh,banget
banpol,bantuan polisi
banpur,bantuan tempur
basbang,basi
bcanda,bercanda
bdg,bandung
begajulan,nakal
beliin,belikan
bencong,banci
bentar,sebentar
ber3,bertiga
beresin,membereskan
bete,bosan
beud,banget
bg,abang
bgmn,bagaimana
bgt,banget
bijimane,bagaimana
bintal,bimbingan mental
bkl,akan
bknnya,bukannya
blegug,bodoh
blh,boleh
bln,bulan
blum,belum
bnci,benci
bnran,yang benar
bodor,lucu
bokap,ayah
boker,buang air besar
bokis,bohong
boljug,boleh juga
bonek,bocah nekat
boyeh,boleh
br,baru
brg,bareng
bro,saudara laki-laki
bru,baru
bs,bisa
bsen,bosan
bt,buat

buaya,tidak setia
bubbu,tidur
bubu,tidur
bumil,ibu hamil
bw,bawa
bwt,buat
byk,banyak
byrin,bayarkan
cabal,sabar
cadas,keren
calo,makelar
can,belum
capcus,pergi
caper,cari perhatian
ce,cewek
cekal,cegah tangkal
cemen,penakut
cengengesan,tertawa
cepet,cepat
cew,cewek
chuyunk,sayang
cimeng,ganja
cipika cipiki,cium pipi kanan cium pipi kiri
ciyh,sih
ckepp,cakep
ckp,cakep
cmiiw,correct me if i'm wrong
cmpur,campur
cong,banci
conlok,cinta lokasi
cowwyy,maaf
cp,siapa
cpe,capek
cppe,capek
cucok,cocok
cuex,cuek
cumi,Cuma miscall
cups,culun
curanmor,pencurian kendaraan bermotor
curcol,curahan hati colongan
cwek,cewek
cyin,cinta
d,di
dah,deh
dapet,dapat
de,adik
dek,adik
demen,suka
deyh,deh
dgn,dengan
diancurin,hancur
dimaafin,maaf
dimintak,minta
disono,sana
dket,dekat
dkk,dan kawan-kawan
dll,dan lain-lain
dlu,dulu
dngn,dengan
dodol,bodoh
doku,uang
dongs,dong
dpt,dapat
dri,dari
drmn,darimana
drtd,dari tadi
dst,dan seterusnya
dtg,datang
duh,aduh
duren,durian
ed,edisi
egp,emang gue pikirin
eke,aku
elu,kamu
emangnya,memangnya
emng,memang
endak,tidak
enggak,tidak
envy,iri
ex,mantan
fax,facsimile
fifo,first in first out
folbek,follow back
fyi,sebagai informasi
gaada,tidak ada uang
gag,tidak
gaje,tidak jelas
gak papa,tidak apa-apa
gan,juragan
gaptek,gagap teknologi
gatek,gagap teknologi
gawe,kerja
gbs,tidak bisa
gebetan,orang yang disuka
geje,tidak jelas
gepeng,gelandangan dan pengemis
ghiy,lagi
gile,gila
gimana,bagaimana
gino,gigi nongol
githu,gitu
gj,tidak jelas
gmana,bagaimana
gn,begini
goblok,bodoh
golput,golongan putih
gowes,mengayuh sepeda
gpny,tidak punya
gr,besar rasa
gretongan,gratisan
gtau,tidak tahu
gua,saya
guoblok,goblok
gw,saya
ha,tertawa
haha,tertawa
hallow,halo
hankam,pertahanan dan keamanan
hehe,he
helo,halo
hey,hai
hlm,halaman
hny,hanya
hoax,isu bohong
hr,hari
hrus,harus
hubdar,perhubungan darat
huff,mengeluh
hum,rumah
humz,rumah
ilang,hilang
ilfil,tidak suka
imho,in my humble opinion
imoetz,imut
item,hitam
itungan,hitungan
iye,iya
ja,saja
jadiin,jadi
jaim,jaga image
jayus,tidak lucu
jdi,jadi
jem,jam
jga,juga
jgnkan,jangankan
jir,anjing
jln,jalan
jomblo,tidak punya pacar
jubir,juru bicara
jutek,galak
k,ke
kab,kabupaten
kabor,kabur
kacrut,kacau
kadiv,kepala divisi
kagak,tidak
kalo,kalau
kampret,sialan
kamtibmas,keamanan dan ketertiban masyarakat
kamuwh,kamu
kanwil,kantor wilayah
karna,karena
kasubbag,kepala subbagian
katrok,kampungan
kayanya,seperti
kbr,kabar
kdu,harus
kec,kecamatan
kejurnas,kejuaraan nasional
kekeuh,keras kepala
kel,kelurahan
kemaren,kemarin
kepengen,mau
kepingin,mau
kepsek,kepala sekolah
kesbang,kesatuan bangsa
kesra,kesejahteraan rakyat
ketrima,diterima
kgiatan,kegiatan
kibul,bohong
kimpoi,kawin
kl,kalau
klianz,kalian
kloter,kelompok terbang
klw,kalau
km,kamu
kmps,kampus
kmrn,kemarin
knal,kenal
knp,kenapa
kodya,kota madya
komdis,komisi disiplin
komsov,komunis sovyet
kongkow,kumpul bareng teman-teman
kopdar,kopi darat
korup,korupsi
kpn,kapan
krenz,keren
krm,kirim
kt,kita
ktmu,ketemu
ktr,kantor
kuper,kurang pergaulan
kw,imitasi
kyk,seperti
la,lah
lam,salam
lamp,lampiran
lanud,landasan udara
latgab,latihan gabungan
lebay,berlebihan
leh,boleh
lelet,lambat
lemot,lambat
lgi,lagi
lgsg,langsung
liat,lihat
litbang,penelitian dan pengembangan
lmyn,lumayan
lo,kamu
loe,kamu
lola,lambat berfikir
louph,cinta
low,kalau
lp,lupa
"luber,""langsung, umum, bebas, dan rahasia"""
luchuw,lucu
lum,belum
luthu,lucu
lwn,lawan
maacih,terima kasih
mabal,bolos
macem,macam
macih,masih
maem,makan
magabut,makan gaji buta
maho,homo
mak jang,kaget
maksain,memaksa
malem,malam
mam,makan
maneh,kamu
maniez,manis
mao,mau
masukin,masukkan
melu,ikut
mepet,dekat sekali
mgu,minggu
migas,minyak dan gas bumi
mikol,minuman beralkohol
miras,minuman keras
mlah,malah
mngkn,mungkin
mo,mau
mokad,mati
moso,masa
mpe,sampai
msk,masuk
mslh,masalah
mt,makan teman
mubes,musyawarah besar
mulu,melulu
mumpung,selagi
munas,musyawarah nasional
muntaber,muntah dan berak
musti,mesti
muupz,maaf
mw,now watching
n,dan
nanam,menanam
nanya,bertanya
napa,kenapa
napi,narapidana
"napza,""narkotika, alkohol, psikotropika, dan zat adiktif """
"narkoba,""narkotika, psikotropika, dan obat terlarang"""
nasgor,nasi goreng
nda,tidak
ndiri,sendiri
ne,ini
nekolin,neokolonialisme
nembak,menyatakan cinta
ngabuburit,menunggu berbuka puasa
ngaku,mengaku
ngambil,ambil
nganggur,tidak punya pekerjaan
ngapah,kenapa
ngaret,terlambat
ngasih,memberikan
ngebandel,berbuat bandel
ngegosip,bergosip
ngeklaim,klaim
ngeksis,menjadi eksis
ngeles,berkilah
ngelidur,nggigau
ngerampok,merampok
ngga,tidak
ngibul,berbohong
ngiler,mau
ngiri,iri
ngisiin,mengisikan
ngmng,bicara
ngomong,bicara
ngubek2,mencari-cari
ngurus,mengurus
nie,ini
nih,ini
niyh,nih
nmr,nomor
nntn,nonton
nobar,nonton bareng
np,now playing
ntar,nanti
ntn,nonton
numpuk,bertumpuk
nutupin,menutupi
nyari,mencari
nyekar,menyekar
nyicil,mencicil
nyoblos,mencoblos
nyokap,ibu
ogah,tidak mau
ol,online
ongkir,ongkos kirim
oot,out of topic
org2,orang-orang
ortu,orang tua
otda,otonomi daerah
"otw,""on the way, sedang di jalan"""
pacal,pacar
pake,pakai
pala,kepala
pansus,panitia khusus
parpol,partai politik
pasutri,pasangan suami istri
pd,pada
pede,percaya diri
pelatnas,pemusatan latihan nasional
pemda,pemerintah daerah
pemkot,pemerintah kota
pemred,pemimpin redaksi
penjas,pendidikan jasmani
perda,peraturan daerah
perhatiin,perhatikan
pesenan,pesanan
pgang,pegang
pi,tapi
pilkada,pemilihan kepala daerah
pisan,sangat
pk,penjahat kelamin
plg,paling
pmrnth,pemerintah
polantas,polisi lalu lintas
ponpes,pondok pesantren
pp,pulang pergi
prg,pergi
prnh,pernah
psen,pesan
pst,pasti
pswt,pesawat
pw,posisi nyaman
qmu,kamu
rakor,rapat koordinasi
ranmor,kendaraan bermotor
re,reply
ref,referensi
rehab,rehabilitasi
rempong,sulit
repp,balas
restik,reserse narkotika
rhs,rahasia
rmh,rumah
ru,baru
ruko,rumah toko
rusunawa,rumah susun sewa
ruz,terus
saia,saya
salting,salah tingkah
sampe,sampai
samsek,sama sekali
sapose,siapa
satpam,satuan pengamanan
sbb,sebagai berikut
sbh,sebuah
sbnrny,sebenarnya
scr,secara
sdgkn,sedangkan
sdkt,sedikit
se7,setuju
sebelas dua belas,mirip
sembako,sembilan bahan pokok
sempet,sempat
sendratari,seni drama tari
sgt,sangat
shg,sehingga
siech,sih
sikon,situasi dan kondisi
sinetron,sinema elektronik
siramin,siramkan
sj,saja
skalian,sekalian
sklh,sekolah
skt,sakit
slesai,selesai
sll,selalu
slma,selama
slsai,selesai
smpt,sempat
smw,semua
sndiri,sendiri
soljum,sholat jumat
songong,sombong
sory,maaf
sosek,sosial-ekonomi
sotoy,sok tahu
spa,siapa
sppa,siapa
spt,seperti
srtfkt,sertifikat
stiap,setiap
stlh,setelah
suk,masuk
sumpek,sempit
syg,sayang
t4,tempat
tajir,kaya
tau,tahu
taw,tahu
td,tadi
tdk,tidak
teh,kakak perempuan
telat,terlambat
telmi,telat berpikir
temen,teman
tengil,menyebalkan
tepar,terkapar
tggu,tunggu
tgu,tunggu
thankz,terima kasih
thn,tahun
tilang,bukti pelanggaran
tipiwan,TvOne
tks,terima kasih
tlp,telepon
tls,tulis
tmbah,tambah
tmen2,teman-teman
tmpah,tumpah
tmpt,tempat
tngu,tunggu
tnyta,ternyata
tokai,tai
toserba,toko serba ada
tpi,tapi
trdhulu,terdahulu
trima,terima kasih
trm,terima
trs,terus
trutama,terutama
ts,penulis
tst,tahu sama tahu
ttg,tentang
tuch,tuh
tuir,tua
tw,tahu
u,kamu
ud,sudah
udah,sudah
ujg,ujung
ul,ulangan
unyu,lucu
uplot,unggah
urang,saya
usah,perlu
utk,untuk
valas,valuta asing
w/,dengan
wadir,wakil direktur
wamil,wajib militer
warkop,warung kopi
warteg,warung tegal
wat,buat
wkt,waktu
wtf,what the fuck
xixixi,tertawa
ya,iya
yap,iya
yaudah,ya sudah
yawdah,ya sudah
yg,yang
yl,yang lain
yo,iya
yowes,ya sudah
yup,iya
7an,tujuan
ababil,abg labil
acc,accord
adlah,adalah
adoh,aduh
aha,tertawa
aing,saya
aja,saja
ajj,saja
aka,dikenal juga sebagai
akko,aku
akku,aku
akyu,aku
aljasa,asal jadi saja
ama,sama
ambl,ambil
anjir,anjing
ank,anak
ap,apa
apaan,apa
ape,apa
aplot,unggah
apva,apa
aqu,aku
asap,sesegera mungkin
aseek,asyik
asek,asyik
aseknya,asyiknya
asoy,asyik
astrojim,astagfirullahaladzim
ath,kalau begitu
atuh,kalau begitu
ava,avatar
aws,awas
ayang,sayang
ayok,ayo
bacot,banyak bicara
bales,balas
bangdes,pembangunan desa
bangkotan,tua
banpres,bantuan presiden
bansarkas,bantuan sarana kesehatan
"bazis,""badan amal, zakat, infak, dan sedekah"""
bcoz,karena
beb,sayang
bejibun,banyak
belom,belum
bener,benar
ber2,berdua
berdikari,berdiri di atas kaki sendiri
bet,banget
beti,beda tipis
beut,banget
bgd,banget
bgs,bagus
bhubu,tidur
bimbuluh,bimbingan dan penyuluhan
bisi,kalau-kalau
bkn,bukan
bl,beli
blg,bilang
blm,belum
bls,balas
bnchi,benci
bngung,bingung
bnyk,banyak
bohay,badan aduhai
bokep,porno
bokin,pacar
bole,boleh
bolot,bodoh
bonyok,ayah ibu
bpk,bapak
brb,segera kembali
brngkt,berangkat
brp,berapa
brur,saudara laki-laki
bsa,bisa
bsk,besok
bu_bu,tidur
bubarin,bubarkan
buber,buka bersama
bujubune,luar biasa
buser,buru sergap
bwhn,bawahan
byar,bayar
byr,bayar
c8,chat
cabut,pergi
caem,cakep
cama-cama,sama-sama
cangcut,celana dalam
cape,capek
caur,jelek
cekak,tidak ada uang
cekidot,coba lihat
cemplungin,cemplungkan
ceper,pendek
ceu,kakak perempuan
cewe,cewek
cibuk,sibuk
cin,cinta
ciye,cie
ckck,ck
clbk,cinta lama bersemi kembali
cmpr,campur
cnenk,senang
congor,mulut
cow,cowok
coz,karena
cpa,siapa
gokil,gila
gombal,suka merayu
gpl,tidak pakai lama
gpp,tidak apa-apa
gretong,gratis
gt,begitu
gtw,tidak tahu
gue,saya
guys,teman-teman
gws,cepat sembuh
haghaghag,tertawa
hakhak,tertawa
handak,bahan peledak
hansip,pertahanan sipil
hellow,halo
helow,halo
hi,hai
hlng,hilang
hnya,hanya
houm,rumah
hrs,harus
hubad,hubungan angkatan darat
hubla,perhubungan laut
huft,mengeluh
humas,hubungan masyarakat
idk,saya tidak tahu
ilfeel,tidak suka
imba,jago sekali
imoet,imut
info,informasi
itung,hitung
isengin,bercanda
iyala,iya lah
iyo,iya
jablay,jarang dibelai
jadul,jaman dulu
jancuk,anjing
jd,jadi
jdikan,jadikan
jg,juga
jgn,jangan
jijay,jijik
jkt,jakarta
jnj,janji
jth,jatuh
jurdil,jujur adil
jwb,jawab
ka,kakak
kabag,kepala bagian
kacian,kasihan
kadit,kepala direktorat
kaga,tidak
kaka,kakak
kamtib,keamanan dan ketertiban
kamuh,kamu
kamyu,kamu
kapt,kapten
kasat,kepala satuan
kasubbid,kepala subbidang
kau,kamu
kbar,kabar
kcian,kasihan
keburu,terlanjur
kedubes,kedutaan besar
kek,seperti
keknya,seperti
keliatan,kelihatan
keneh,masih
kepikiran,terpikirkan
kepo,mau tahu urusan orang
kere,tidak punya uang
kesian,kasihan
ketauan,ketahuan
keukeuh,keras kepala
khan,kan
kibus,kaki busuk
kk,kakak
klian,kalian
klo,kalau
kluarga,keluarga
klwrga,keluarga
kmari,kemari
kmpus,kampus
kn,kan
knl,kenal
knpa,kenapa
kog,kok
kompi,komputer
komtiong,komunis Tiongkok
konjen,konsulat jenderal
koq,kok
kpd,kepada
kptsan,keputusan
krik,garing
krn,karena
ktauan,ketahuan
ktny,katanya
kudu,harus
kuq,kok
ky,seperti
kykny,kayanya
laka,kecelakaan
lambreta,lambat
lansia,lanjut usia
lapas,lembaga pemasyarakatan
lbur,libur
lekong,laki-laki
lg,lagi
lgkp,lengkap
lht,lihat
linmas,perlindungan masyarakat
lmyan,lumayan
lngkp,lengkap
loch,loh
lol,tertawa
lom,belum
loupz,cinta
lowh,kamu
lu,kamu
luchu,lucu
luff,cinta
luph,cinta
lw,kamu
lwt,lewat
maaciw,terima kasih
mabes,markas besar
macem-macem,macam-macam
madesu,masa depan suram
maen,main
mahatma,maju sehat bersama
mak,ibu
makasih,terima kasih
malah,bahkan
malu2in,memalukan
mamz,makan
manies,manis
mantep,mantap
markus,makelar kasus
mba,mbak
mending,lebih baik
mgkn,mungkin
mhn,mohon
miker,minuman keras
milis,mailing list
mksd,maksud
mls,malas
mnt,minta
moge,motor besar
mokat,mati
mosok,masa
msh,masih
mskpn,meskipun
msng2,masing-masing
muahal,mahal
muker,musyawarah kerja
mumet,pusing
muna,munafik
munaslub,musyawarah nasional luar biasa
musda,musyawarah daerah
muup,maaf
muuv,maaf
nal,kenal
nangis,menangis
naon,apa
napol,narapidana politik
naq,anak
narsis,bangga pada diri sendiri
nax,anak
ndak,tidak
ndut,gendut
nekolim,neokolonialisme
nelfon,menelepon
ngabis2in,menghabiskan
ngakak,tertawa
ngambek,marah
ngampus,pergi ke kampus
ngantri,mengantri
ngapain,sedang apa
ngaruh,berpengaruh
ngawur,berbicara sembarangan
ngeceng,kumpul bareng-bareng
ngeh,sadar
ngekos,tinggal di kos
ngelamar,melamar
ngeliat,melihat
ngemeng,bicara terus-terusan
ngerti,mengerti
nggak,tidak
ngikut,ikut
nginep,menginap
ngisi,mengisi
ngmg,bicara
ngocol,lucu
ngomongin,membicarakan
ngumpul,berkumpul
ni,ini
nyasar,tersesat
nyariin,mencari
nyiapin,mempersiapkan
nyiram,menyiram
nyok,ayo
o/,oleh
ok,ok
priksa,periksa
pro,profesional
psn,pesan
psti,pasti
puanas,panas
qmo,kamu
qt,kita
rame,ramai
raskin,rakyat miskin
red,redaksi
reg,register
rejeki,rezeki
renstra,rencana strategis
reskrim,reserse kriminal
sni,sini
somse,sombong sekali
sorry,maaf
sosbud,sosial-budaya
sospol,sosial-politik
sowry,maaf
spd,sepeda
sprti,seperti
spy,supaya
stelah,setelah
subbag,subbagian
sumbangin,sumbangkan
sy,saya
syp,siapa
tabanas,tabungan pembangunan nasional
tar,nanti
taun,tahun
tawh,tahu
tdi,tadi
te2p,tetap
tekor,rugi
telkom,telekomunikasi
telp,telepon
temen2,teman-teman
tengok,menjenguk
terbitin,terbitkan
tgl,tanggal
thanks,terima kasih
thd,terhadap
thx,terima kasih
tipi,TV
tkg,tukang
tll,terlalu
tlpn,telepon
tman,teman
tmbh,tambah
tmn2,teman-teman
tmph,tumpah
tnda,tanda
tnh,tanah
togel,toto gelap
tp,tapi
tq,terima kasih
trgntg,tergantung
trims,terima kasih
cb,coba
y,ya
munfik,munafik
reklamuk,reklamasi
sma,sama
tren,trend
ngehe,kesal
mz,mas
analisise,analisis
sadaar,sadar
sept,september
nmenarik,menarik
zonk,bodoh
rights,benar
simiskin,miskin
ngumpet,sembunyi
hardcore,keras
akhirx,akhirnya
solve,solusi
watuk,batuk
ngebully,intimidasi
masy,masyarakat
still,masih
tauk,tahu
mbual,bual
tioghoa,tionghoa
ngentotin,senggama
kentot,senggama
faktakta,fakta
sohib,teman
rubahnn,rubah
trlalu,terlalu
nyela,cela
heters,pembenci
nyembah,sembah
most,paling
ikon,lambang
light,terang
pndukung,pendukung
setting,atur
seting,akting
next,lanjut
waspadalah,waspada
gantengsaya,ganteng
parte,partai
nyerang,serang
nipu,tipu
ktipu,tipu
jentelmen,berani
buangbuang,buang
tsangka,tersangka
kurng,kurang
ista,nista
less,kurang
koar,teriak
paranoid,takut
problem,masalah
tahi,kotoran
tirani,tiran
tilep,tilap
happy,bahagia
tak,tidak
penertiban,tertib
uasai,kuasa
mnolak,tolak
trending,trend
taik,tahi
wkwkkw,tertawa
ahokncc,ahok
istaa,nista
benarjujur,jujur
mgkin,mungkin
aktifvasi,aktivasi
activity,aktivitas
apain,apa
aplikaai,aplikasi
kebanggan,kebanggaan
bangus,bagus
barusan,baru saja
beberapakali,beberapa kali
beneran,benar
beritahukan,beritahu
biarpun,biar
bsii,bsi
bsimobile,bsi mobile
buktiin,bukti
colse,close
devlloper,developer
dihape,handphone
diinstall,instal
ditingkatin,tingkatkan
efesien,efisien
errornya,error
fingerprint,finger print
gimanamin,gimana
gimanasi,gimana
hapusin,hapus
ilangin,hilang
itnya,it
jt,juta
kaliya,kali
kemanan,keamanan
kerepot,kesulitan
kesana,sana
kesini,sini
keteter,keteteran
komplen,komplain
laga,lagi
lagu,lagi
living,livin
mangkin,makin
marakk,marak
mbsi,mobile bsi
menut,menurut
mikirrrr,mikir
mudhorobah,mudarabah
mudarobah,mudarabah
seseneng,senang
ngambilnya,ambil
kedetect,deteksi
ngebug,bug
ngeroot,root
ngambilnya,ambil
ngapa,kenapa
ngebug,bug
ngecek,cek
ngehindarin,hindar
ngelakuin,lakukan
ngeleg,lag
ngeri,takut
ngeroot,root
ngikutin,ikut
nilah,nilai
nofitikasi,notifikasi
nok,nomor
otpnya,otp
pastiin,pasti
pasuk,masuk
memasukan,masuk
pemerikasaan,pemeriksaan
ponselku,ponsel
popup,pop up
popups,pop up
production,produksi
produck,produk
publish,publikasi
respons,respon
rincian,rinci
roots,root
rotted,routed
rp,rupiah
sara,saran
sariah,syariah
sbesar,besar
scansot,screenshot
sebenernya,sebenarnya
servernya,server
simple,simpel
syukron,syukran
tech,teknologi
seaman,aman
transksi,transaksi
uninnstall,uninstal
uninstall,uninstal
vc,video call
walet,wallet
verifikasion,verifikasi
tikad,itikad
papa,apa
dapet,dapat
jelasss,jelas
mempermudahkan,mudah
mempermudah,mudah
memudahkan,mudah
menyesali,menyesal
perbaikannya,perbaikan
perlulah,perlu
recommend,rekomendasi
taunya,tau
urgentnya,urgent
trusk,terus
timernya,timer
teryata,ternyata
terkahir,terakhir
ribawi,riba
registered,registrasi
poups,pop up
moblie,mobile
mengaktivasi,aktivasi
menganggu,ganggu
mbaking,mobile bank
menginstal,instal
managemen,manajemen
pengecekan,cek
banking,bank
segela,segala
kedepanya,kedepan
dangan,dengan
perasaan,rasa
aplikasiny,aplikasi
berantem,bertengkar
amm,amma
alasannya,alasan
sampe,sampai
dikurangi,kurang
pacth,page
mengenali,kenal
masi,masih
terkesan,kesan
saranya,saran
berenti,berhenti
berenti,berhenti
azan,adzan
semalem,semalam
recommend,rekomendasi
pencet,menekan
pasword,kata sandi
memasuki,masuk
netwotrk,network
nemuin,ketemu
gerakan,gerak
segede,besar
peformanya,performa
mengecek,cek
chace,cache
burem,buram
berselfi,selfi
vouchar,voucher
verifekasi,verifikasi
upgread,upgrade
bersihkan,bersih
secepatnnya,secepat
sdkit,sedikit
poppus,pop up
poppups,pop up
pilihanya,pilihan
diperingan,ringan
nyampee,sampai
aktifitas,aktivitas
diperbaikin,perbaiki
merespons,respon
gampàng,gampang
marakké,marakke
mengecawakan,kecewa
